{
    "name": "activity",
    "version": "1.0.0",
    "dependencies": {
        "ls-component": "*",
        "user-list-add": "*",
        "block": "*",
        "button": "*",
        "field": "*",
        "alert": "*"
    },
    "templates": {
        "activity": "activity.tpl",
        "event-list": "event-list.tpl",
        "event": "event.tpl",
        "users": "users.tpl",
        "settings": "settings.tpl",
        "block.recent": "blocks/block.activity-recent.tpl",
        "block.users": "blocks/block.activity-users.tpl",
        "block.settings": "blocks/block.activity-settings.tpl",
        "recent-item": "blocks/recent-item.tpl",
        "recent-comments": "blocks/recent-comments.tpl",
        "recent-topics": "blocks/recent-topics.tpl"
    },
    "scripts": {
        "activity-settings": "js/activity-settings.js",
        "activity": "js/activity.js"
    },
    "styles": {
        "activity": "css/activity.css",
        "blocks": "css/blocks.css"
    }
}