{
    "name": "comment",
    "version": "1.0.0",
    "dependencies": {
        "ls-core": "*",
        "actionbar": "*",
        "favourite": "*",
        "vote": "*",
        "editor": "*"
    },
    "templates": {
        "form": "comment-form.tpl",
        "list": "comment-list.tpl",
        "tree": "comment-tree.tpl",
        "comments": "comments.tpl",
        "comment": "comment.tpl",
        "actions-item": "comment-actions-item.tpl",
        "info-item": "comment-info-item.tpl",
        "toolbar": "toolbar.comment.tpl"
    },
    "scripts": {
        "toolbar": "js/comments-toolbar.js",
        "form": "js/comment-form.js",
        "comment": "js/comment.js",
        "comments": "js/comments.js"
    },
    "styles": {
        "form": "css/comment-form.css",
        "comment": "css/comment.css",
        "comments": "css/comments.css",
        "toolbar": "css/comments-toolbar.css"
    }
}