{
    "name": "poll",
    "version": "1.0.0",
    "dependencies": {
        "ls-component": "*",
        "modal": "*",
        "forms": "*",
        "button": "*",
        "field": "*"
    },
    "templates": {
        "poll": "poll.tpl",
        "form": "poll.form.tpl",
        "form-item": "poll.form.item.tpl",
        "list": "poll.list.tpl",
        "manage.item": "poll.manage.item.tpl",
        "manage.list": "poll.manage.list.tpl",
        "manage": "poll.manage.tpl",
        "result": "poll.result.tpl",
        "modal.create": "modal.poll-create.tpl",
        "vote": "poll.vote.tpl"
    },
    "scripts": {
        "manage": "js/poll-manage.js",
        "poll": "js/poll.js"
    },
    "styles": {
        "poll": "css/poll.css"
    }
}