{
    "name": "user",
    "version": "1.0.0",
    "dependencies": {
        "ls-component": "*",
        "article": "*",
        "comment": "*",
        "button": "*",
        "field": "*",
        "photo": "*",
        "avatar": "*",
        "alert": "*"
    },
    "templates": {
        "actions": "actions.tpl",
        "header": "header.tpl",
        "friend-item": "friend-item.tpl",
        "info-group": "info-group.tpl",
        "info": "info.tpl",
        "search-form": "search-form.users.tpl",
        "stat": "stat.tpl",
        "nav": "nav.user.tpl",
        "choose": "user-field-choose.tpl",

        "avatar": "avatar/user-avatar.tpl",
        "avatar-list": "avatar/user-avatar-list.tpl",

        "list": "list/user-list.tpl",
        "list-item": "list/user-list-item.tpl",
        "list-loop": "list/user-list-loop.tpl",

        "list-small-item": "user-list-small-item.tpl",
        "list-small": "user-list-small.tpl",

        "block.actions": "blocks/block.user-actions.tpl",
        "block.nav": "blocks/block.user-nav.tpl",
        "block.note": "blocks/block.user-note.tpl",
        "block.photo": "blocks/block.user-photo.tpl",
        "block.users-search": "blocks/block.users-search.tpl",
        "block.users-statistics": "blocks/block.users-statistics.tpl",

        "modal.add-friend": "modals/modal.add-friend.tpl",
        "modal.crop-avatar": "modals/modal.crop-avatar.tpl",
        "modal.crop-photo": "modals/modal.crop-photo.tpl",
        "modal.user-list": "modals/modal.user-list.tpl",

        "settings/account": "settings/account.tpl",
        "settings/invite": "settings/invite.tpl",
        "settings/profile": "settings/profile.tpl",
        "settings/tuning": "settings/tuning.tpl"
    },
    "scripts": {
        "fields": "js/user-fields.js",
        "follow": "js/user-follow.js",
        "friend": "js/user-friend.js",
        "choose": "js/user-field-choose.js",
        "modal-list": "js/user-modal-list.js",
        "user": "js/user.js"
    },
    "styles": {
        "blocks": "css/user-blocks.css",
        "header": "css/user-header.css",
        "list-small": "css/user-list-small.css",
        "user": "css/user.css"
    }
}