{
    "name": "property",
    "version": "1.0.0",
    "dependencies": {
        "field": "*",
        "modal": "*"
    },
    "templates": {
        "input.item": "input/item.tpl",
        "input.list": "input/list.tpl",
        "input.property.date": "input/property.date.tpl",
        "input.property.file": "input/property.file.tpl",
        "input.property.checkbox": "input/property.checkbox.tpl",
        "input.property.float": "input/property.float.tpl",
        "input.property.image": "input/property.image.tpl",
        "input.property.int": "input/property.int.tpl",
        "input.property.select": "input/property.select.tpl",
        "input.property.text": "input/property.text.tpl",
        "input.property.tags": "input/property.tags.tpl",
        "input.property.varchar": "input/property.varchar.tpl",
        "input.property.video_link": "input/property.video_link.tpl",
        "input.property.video-modal": "input/modal.property-input-video.tpl",

        "output.item": "output/item.tpl",
        "output.list": "output/list.tpl",
        "output.property.file": "output/property.file.tpl",
        "output.property.image": "output/property.image.tpl",
        "output.property.default": "output/property.default.tpl"
    },
    "styles": {
        "property": "css/property.css"
    }
}