{
    "name": "media",
    "version": "1.0.0",
    "dependencies": {
        "modal": "*",
        "tabs": "*",
        "uploader": "*"
    },
    "templates": {
        "content": "media-content.tpl",
        "media": "media.tpl",
        "pane.insert": "panes/pane.insert.tpl",
        "pane.photoset": "panes/pane.photoset.tpl",
        "pane.preview": "panes/pane.preview.tpl",
        "pane": "panes/pane.tpl",
        "pane.url": "panes/pane.url.tpl",
        "uploader-block.insert.image": "uploader/uploader-block.insert.image.tpl",
        "uploader-block.photoset": "uploader/uploader-block.photoset.tpl",
        "uploader": "uploader/uploader.tpl"
    },
    "scripts": {
        "media": "js/media.js"
    },
    "styles": {
        "media": "css/media.css"
    }
}