{
    "name": "wall",
    "version": "1.0.0",
    "dependencies": {
        "ls-component": "*",
        "alert": "*",
        "comment": "*",
        "button": "*",
        "field": "*"
    },
    "templates": {
        "comments": "wall.comments.tpl",
        "entry": "wall.entry.tpl",
        "form": "wall.form.tpl",
        "posts": "wall.posts.tpl",
        "wall": "wall.tpl"
    },
    "scripts": {
        "wall-entry": "js/wall-entry.js",
        "wall-form": "js/wall-form.js",
        "wall": "js/wall.js"
    },
    "styles": {
        "wall": "css/wall.css"
    }
}