<?xml version="1.0" encoding="UTF-8"?>
<skin>
    <name>
        <lang name="default">Developer</lang>
    </name>
    <author>
        <lang name="default">LiveStreet Developers Team</lang>
    </author>
    <homepage>http://livestreet.ru</homepage>
    <version>2.0</version>
    <requires>
        <livestreet>2.0</livestreet>
        <plugins>
        </plugins>
    </requires>
    <description>
        <lang name="ru">Шаблон для разработчиков</lang>
        <lang name="default">Template for developers</lang>
    </description>
    <themes>
        <item>
            <value>default</value>
            <description>
                <lang name="ru">по-умолчанию</lang>
                <lang name="default">default</lang>
            </description>
        </item>
        <item>
            <value>light</value>
            <description>
                <lang name="ru">облегченная</lang>
                <lang name="default">light</lang>
            </description>
        </item>
    </themes>
</skin>